ID,Ingredient
1,ground beef
2,diced onion
3,stone house
4,house seasoning
5,ground allspice
6,ground nutmeg
7,bread or
8,or cracker
9,cracker crumb
10,fresh parsley
11,olive oil
12,allpurpose flour
13,beef stock
14,stock or
15,or broth
16,milk or
17,heavy cream
18,worcestershire sauce
19,ground
20,beef
21,onion
22,egg
23,stone
24,house
25,allspice
26,nutmeg
27,bread
28,cracker
29,crumb
30,parsley
31,olive
32,oil
33,butter
34,flour
35,stock
36,broth
37,milk
38,cream
39,worcestershire
40,chicken wing
41,recipe buffalo
42,blue cheese
43,cheese dressing
44,ranch dressing
45,chicken
46,wing
47,cornstarch
48,recipe
49,cheese
50,ranch
51,lime juice
52,sea salt
53,clove garlic
54,ground cumin
55,lime
56,juice
57,sea
58,salt
59,garlic
60,cumin
61,pepper jack
62,jack cheese
63,grated white
64,white american
65,american cheese
66,white queso
67,queso cheese
68,half and
69,and half
70,half or
71,or milk
72,pepper
73,jack
74,white
75,american
76,queso
77,half
78,chicken breast
79,cream cheese
80,homemade or
81,sauce recipe
82,grated cheddar
83,cheddar cheese
84,bleu cheese
85,cheese crumble
86,breast
87,homemade
88,cheddar
89,bleu
90,crumble
91,dijon mustard
92,old bay
93,bay seasoning
94,lump crab
95,crab meat
96,saltine cracker
97,mayonnaise
98,dijon
99,mustard
100,bay
101,lump
102,crab
103,meat
104,saltine
105,button mushroom
106,shredded parmesan
107,parmesan cheese
108,green onion
109,button
110,mushroom
111,parmesan
112,sausage
113,recipe buttermilk
114,buttermilk biscuit
115,recipe cream
116,cream biscuit
117,recipe cheddar
118,cheddar biscuit
119,baked ham
120,country ham
121,shaved deli
122,deli ham
123,pepper jelly
124,pimento cheese
125,honey butter
126,hot honey
127,poppy seed
128,seed spread
129,grated onion
130,buttermilk
131,biscuit
132,ham
133,country
134,deli
135,honey
136,seed
137,frozen meatball
138,grape jelly
139,bbq sauce
140,meatball
141,grape
142,bbq
143,fresh cranberry
144,granulated sugar
145,jalapeno pepper
146,orange zest
147,orange juice
148,cheese softened
149,cracker or
150,or fruit
151,fruit slice
152,cranberry
153,sugar
154,jalapeno
155,orange
156,zest
157,fruit
158,slice
159,artichoke heart
160,spinach frozen
161,frozen spinach
162,spinach thawed
163,½ mayonnaise
164,grated parmesan
165,mozzarella cheese
166,heart
167,spinach
168,½
169,mozzarella
170,packed brown
171,brown sugar
172,vanilla extract
173,kosher salt
174,brown
175,vanilla
176,kosher
177,butternut squash
178,cloves garlic
179,chicken stock
180,black pepper
181,butternut
182,cooked shrimp
183,shrimp peeled
184,diced celery
185,lemon juice
186,prepared horseradish
187,or sriracha
188,sriracha sauce
189,shrimp
190,celery
191,lemon
192,horseradish
193,sriracha
194,cocktail sausage
195,crescent roll
196,cocktail
197,crescent
198,roll
199,salted butter
200,water
201,sleeve saltine
202,ranch seasoning
203,honey recipe
204,sleeve
205,taco seasoning
206,rotel tomatoes
207,velveeta cheese
208,taco
209,rotel
210,velveeta
211,plain breadcrumb
212,breadcrumb
213,mini roll
214,thinly ham
215,swiss cheese
216,minced onion
217,dried parsley
218,rolled oat
219,nut pecan
220,or almond
221,fine sea
222,ground cinnamon
223,coconut oil
224,oil melted
225,or extravirgin
226,extravirgin olive
227,dried fruit
228,fruit your
229,your choice
230,choice of
231,of cranberry
232,or banana
233,banana chopped
234,chia seed
235,hemp heart
236,unsweetened coconut
237,coconut flake
238,chocolate chip
239,chip optional
240,the granola
241,granola has
242,oat
243,nut
244,pecan
245,walnut
246,cashew
247,pistachio
248,peanut
249,almond
250,cinnamon
251,coconut
252,extravirgin
253,choice
254,cherry
255,raisin
256,apricot
257,apple
258,banana
259,chia
260,chocolate
261,chip
262,granola
263,recipe pizza
264,pizza dough
265,pizza sauce
266,ricotta cheese
267,pizza
268,dough
269,ricotta
270,watermelon
271,blueberry
272,unsweetened cocoa
273,cocoa powder
274,baking powder
275,espresso powder
276,or buttermilk
277,or coconut
278,coconut milk
279,vegetable oil
280,oil or
281,or canola
282,canola oil
283,melted coconut
284,boiling water
285,chocolate buttercream
286,buttercream frosting
287,frosting recipe
288,cocoa
289,powder
290,espresso
291,vegetable
292,canola
293,buttercream
294,boneless skinless
295,skinless chicken
296,boneless
297,skinless
298,overripe banana
299,banana mashed
300,dark brown
301,roasted pecan
302,overripe
303,red seedless
304,seedless grape
305,dried cranberry
306,ground black
307,celery leaves
308,red
309,pie crust
310,crust recipe
311,cream or
312,salt and
313,and pepper
314,cayenne pepper
315,pie
316,crust
317,cayenne
318,broccoli
319,bacon
320,seafood
321,grape or
322,ball mozzarella
323,fresh basil
324,basil leaves
325,balsamic glaze
326,ball
327,basil
328,balsamic
329,bell pepper
330,pepper green
331,into strip
332,tortilla chip
333,grated monterey
334,monterey jack
335,bell
336,strip
337,tortilla
338,monterey
339,cubed watermelon
340,feta cheese
341,feta
342,sour cream
343,slice bacon
344,jalapenos
345,basil washed
346,thin strip
347,cooked grit
348,chili powder
349,grit
350,chili
351,pepper deseeded
352,package cream
353,slice cooked
354,cooked bacon
355,assorted cracker
356,cracker and
357,and fruit
358,package
359,sweet potato
360,potato
361,sharp cheddar
362,smoked paprika
363,garlic powder
364,paprika
365,mild cheddar
366,diced pimento
367,pimento
368,cooked egg
369,¼ mayonnaise
370,pine nut
371,chickpea
372,pine
373,black bean
374,pickled jalapeno
375,jalapeno slice
376,restaurant style
377,style salsa
378,bean
379,restaurant
380,style
381,fresh mushroom
382,sourdough bread
383,grated gruyere
384,gruyere cheese
385,gruyere
386,dry bread
387,bread crumb
388,cranberry juice
389,yellow mustard
390,onion powder
391,ketchup
392,breakfast sausage
393,sausage pork
394,or chicken
395,selfrising flour
396,breakfast
397,pork
398,turkey
399,oyster cracker
400,ounce cream
401,light brown
402,pumpkin puree
403,pumpkin pie
404,pie spice
405,ounce
406,pumpkin
407,package cheddar
408,fresh peach
409,fresh blueberry
410,peach
411,oil spray
412,grape washed
413,warm milk
414,melted butter
415,confectioner sugar
416,yeast
417,confectioner
418,slice swiss
419,slice provolone
420,provolone cheese
421,croissant
422,popped popcorn
423,chip milk
424,or semisweet
425,toffee bit
426,popcorn
427,caramel
428,semisweet
429,toffee
430,bit
431,piece naan
432,slice prosciutto
433,piece
434,naan
435,prosciutto
436,fig
437,chip dark
438,white melting
439,melting chip
440,granny smith
441,smith apple
442,m ms
443,granny
444,smith
445,marshmallow
446,pretzel
447,ms
448,round french
449,french bread
450,bread loaf
451,mayonnaise or
452,or greek
453,greek yogurt
454,french
455,loaf
456,greek
457,yogurt
458,pico de
459,de gallo
460,diced tomato
461,diced red
462,red onion
463,shredded cheese
464,pico
465,gallo
466,tomato
467,guacamole
468,loaf bread
469,bread ciabatta
470,a baguette
471,baguette
472,russet potato
473,boneless roast
474,roast beef
475,ounce cranberry
476,½ granulated
477,zest of
478,of orange
479,crispy bacon
480,bacon bit
481,crispy
482,dry mustard
483,butter cracker
484,toasted bagel
485,bagel
486,baked potato
487,grape tomatoes
488,pineapple jalapeno
489,jalapeno cream
490,cheese spread
491,pineapple
492,diced pineapple
493,raw peanut
494,fresh orange
495,grated orange
496,wheel brie
497,brie cheese
498,½ walnut
499,wheel
500,brie
501,bacon applewood
502,applewood smoked
503,into third
504,pitted date
505,cheese gorgonzola
506,goat cheese
507,or cream
508,applewood
509,third
510,date
511,gorgonzola
512,goat
513,chipotle pepper
514,pepper in
515,in adobo
516,adobo sauce
517,¼ onion
518,white or
519,or portabella
520,portabella mushroom
521,in half
522,half lengthwise
523,zucchini
524,chipotle
525,adobo
526,portabella
527,lengthwise
528,reducedsodium soy
529,soy sauce
530,mild honey
531,rice wine
532,wine vinegar
533,minced garlic
534,fresh ginger
535,ginger root
536,scallion trimmed
537,the root
538,root end
539,finest side
540,side of
541,a grater
542,korean chili
543,chili pepper
544,pepper powder
545,clear jel
546,reducedsodium
547,soy
548,soju
549,gochujang
550,rice
551,wine
552,vinegar
553,ginger
554,root
555,scallion
556,end
557,side
558,grater
559,jel
560,sugar snap
561,snap pea
562,homemade ranch
563,pea
564,mango peeled
565,mango
566,oregano flake
567,tomato sauce
568,dinner roll
569,flake
570,dinner
571,cream greek
572,plain yogurt
573,or kefir
574,kefir
575,recipe roasted
576,cocktail peanut
577,mini pretzel
578,candy pumpkins
579,or candy
580,candy corn
581,white chocolate
582,candy
583,corn
584,neufchatel cheese
585,cheese or
586,neufchatel
587,green peanut
588,mustard powder
589,¼ kosher
590,¼ ground
591,½ pimento
592,smoked brisket
593,brisket or
594,ovencooked brisket
595,deseeded jalapeno
596,brisket
597,cashew your
598,natural nut
599,nut butter
600,dough recipe
601,raw nut
602,soft pretzel
603,pretzel recipe
604,salted caramel
605,caramel sauce
606,queso recipe
607,salsa recipe
608,avocado slice
609,cookie dough
610,dough dip
611,dip recipe
612,cheese frosting
613,graham cracker
614,chocolate graham
615,apple slice
616,cookie
617,dip
618,graham
619,dill pickle
620,cornmeal mix
621,dill
622,pickle
623,cornmeal
624,package cocktail
625,cocktail weenie
626,weenie
627,boiled chicken
628,cooked salmon
629,salmon
630,cheese filled
631,filled ravioli
632,ravioli
633,pesto
634,caramelized onion
635,piece pita
636,pita bread
637,grated mozzarella
638,favorite topping
639,pita
640,topping
641,chicken thigh
642,thigh or
643,or breast
644,bacon jam
645,thigh
646,jam
647,light soy
648,sesame seed
649,red pepper
650,pepper flake
651,biscuit recipe
652,salted red
653,red skinned
654,skinned peanut
655,popped corn
656,light corn
657,corn syrup
658,brewed coffee
659,apple cider
660,cider vinegar
661,pure maple
662,maple syrup
663,coffee
664,cider
665,maple
666,celery salt
667,shortbread crust
668,quickcooking oat
669,shortbread
670,fresh fruit
671,sugar honey
672,honey or
673,or maple
674,key lime
675,lime zest
676,peanut or
677,or vegetable
678,panko
679,beef tenderloin
680,tenderloin cooked
681,into inch
682,inch slice
683,slider bun
684,horseradish sauce
685,tenderloin
686,inch
687,slider
688,bun
689,balsamic vinegar
690,lowsodium soy
691,lowsodium
692,jumbo lump
693,lump crabmeat
694,powder or
695,or onion
696,jumbo
697,crabmeat
698,½ water
699,½ vanilla
700,of brie
701,apple pears
702,and cracker
703,cracker for
704,piece cooked
705,refrigerated cheese
706,cheese ravioli
707,egg white
708,enchilada sauce
709,enchilada
710,dried thyme
711,seasoned salt
712,thyme
713,bulb roasted
714,roasted garlic
715,bulb
716,shredded beef
717,bean black
718,bean with
719,with juice
720,unsalted butter
721,all purpose
722,purpose flour
723,purpose
724,ounce chickpea
725,pork roast
726,roast recipe
727,coca cola
728,cola bbq
729,poblano pepper
730,coca
731,cola
732,poblano
733,parsley leaves
734,roasted red
735,distilled white
736,white vinegar
737,seasonal vegetable
738,chicken tenderloin
739,pepper any
740,any color
741,head lettuce
742,lettuce boston
743,or iceberg
744,color
745,head
746,boston
747,bibb
748,iceberg
749,fresh jalapenos
750,peach bbq
751,sweet onion
752,grated horseradish
753,cucumber
754,recipe fried
755,mushroom cap
756,cap
757,prepared mustard
758,grain mustard
759,grain
760,slice baked
761,green olive
762,olive stuffed
763,with pimento
764,heart packed
765,in water
766,½ greek
767,½ parmesan
768,½ grated
769,shallot
770,skinless boneless
771,boneless chicken
772,inch piece
773,cheese dipping
774,carrot
775,milk chocolate
776,chicken leg
777,chicken marinade
778,leg
779,marinade
780,pepperoni slice
781,peanut butter
782,portobello mushroom
783,gravy from
784,from balsamic
785,balsamic roast
786,beef recipe
787,gravy
788,wonton wrapper
789,cold water
790,wonton
791,wrapper
792,pretzel twist
793,twist
794,toothpick or
795,or skewer
796,toothpick
797,skewer
798,lemon zest
799,individual stalk
800,stalk celery
801,onion or
802,or scallion
803,individual
804,stalk
805,refried bean
806,plum tomatoes
807,black olive
808,plum
809,fresh thyme
810,sheet puff
811,puff pastry
812,sheet
813,puff
814,pastry
815,mini baguette
816,shaved parmesan
817,breast cooked
818,pecan half
819,peanut oil
820,cooking oil
821,oil for
822,slice cheddar
823,slice thin
824,thin bread
825,fresh dill
826,bacon dripping
827,dripping
828,buttermilk cornmeal
829,fresh corn
830,butter for
831,for griddle
832,griddle
833,of sugar
834,tomatillos
835,eyed pea
836,pea or
837,or ounce
838,ounce black
839,ounce diced
840,with chili
841,sweet pepper
842,boston or
843,or butter
844,butter lettuce
845,popcorn no
846,no salt
847,no butter
848,karo syrup
849,karo
850,wholemeal flour
851,warm water
852,corn meal
853,meal
854,½ heavy
855,whipping cream
856,cold butter
857,addin optional
858,as fruit
859,or chocolate
860,vanilla bean
861,bean paste
862,addin
863,paste
864,selfrising cornmeal
865,butter cold
866,the biscuit
867,zucchini about
868,about zucchini
869,yeast instant
870,instant
871,rapidrise
872,dry yeast
873,evaporated milk
874,refrigerated biscuit
875,active yeast
876,instant yeast
877,ice water
878,ice
879,ground cloves
880,ground ginger
881,oldfashioned oat
882,banana overripe
883,milk half
884,almond milk
885,cinnamon roll
886,roll recipe
887,preferably peanut
888,applesauce
889,unpeeled zucchini
890,packet yeast
891,strawberry fruit
892,fruit spread
893,½ kosher
894,¼ buttermilk
895,buttermilk more
896,rib celery
897,rib
898,pork tenderloin
899,flour a
900,apple pie
901,or half
902,slice sandwich
903,sandwich bread
904,sandwich
905,stone ground
906,ground grit
907,cider concentrate
908,½ baking
909,diced apple
910,½ unsalted
911,room temperature
912,½ milk
913,room
914,temperature
915,butter room
916,orange rind
917,rind
918,flour for
919,cranberry dried
920,puree pumpkin
921,½ buttermilk
922,chip semisweet
923,dark chocolate
924,buttermilk cornbread
925,cornbread mix
926,cornbread
927,caramel candy
928,griddle or
929,or skillet
930,skillet
931,fresh berry
932,sauteed apple
933,berry
934,perfect buttermilk
935,buttermilk pancake
936,pancake recipe
937,strawberry
938,sweetened coconut
939,pork breakfast
940,biscuit or
941,another bread
942,bread cubed
943,shredded cheddar
944,or feta
945,or pepper
946,fresh spinach
947,gouda
948,lasagna noodle
949,italian sausage
950,dried basil
951,pasta sauce
952,tomato paste
953,plain greek
954,lasagna
955,noodle
956,pasta
957,cooked ham
958,jalapeño pepper
959,kernel corn
960,creamed corn
961,corn undrained
962,grated cheese
963,cheese cheddar
964,monterrey jack
965,jalapeño
966,kernel
967,monterrey
968,green bean
969,bean fresh
970,to inch
971,piece and
972,cream of
973,of chicken
974,chicken soup
975,crispy fried
976,fried onion
977,onion homemade
978,soup
979,shredded chicken
980,½ onion
981,elbow noodle
982,soup cream
983,soup of
984,of water
985,heaping mayonnaise
986,pimento pepper
987,sleeve ritz
988,ritz cracker
989,elbow
990,ritz
991,shredded potato
992,glutenfree rolled
993,mini marshmallow
994,glutenfree
995,frozen english
996,english pea
997,recipe southern
998,southern buttermilk
999,english
1000,or yukon
1001,yukon gold
1002,gold potato
1003,ground lamb
1004,or turkey
1005,yukon
1006,gold
1007,lamb
1008,shell pasta
1009,beef or
1010,or ground
1011,ground turkey
1012,ground chicken
1013,ground venison
1014,shell
1015,venison
1016,of mushroom
1017,mushroom soup
1018,cooked white
1019,white rice
1020,soup or
1021,condensed cream
1022,soup and
1023,of celery
1024,celery soup
1025,head broccoli
1026,½ ground
1027,⅛ cayenne
1028,crushed buttery
1029,buttery cracker
1030,buttery
1031,¼ cayenne
1032,breast cubed
1033,shredded white
1034,white cheddar
1035,spaghetti squash
1036,turkey sausage
1037,spaghetti
1038,bean chili
1039,ounce tomato
1040,uncooked pasta
1041,pasta elbow
1042,ditalini
1043,cheese recipe
1044,inch unbaked
1045,unbaked pie
1046,jalapenos deveined
1047,crushed butter
1048,pasta penne
1049,favorite pasta
1050,penne
1051,dry white
1052,white wine
1053,sprig fresh
1054,quartered artichoke
1055,sprig
1056,artichoke
1057,frito corn
1058,corn chip
1059,frito
1060,eggplant
1061,skinless turkey
1062,turkey cutlet
1063,cutlet or
1064,breast half
1065,bitesize piece
1066,cutlet
1067,ziti noodle
1068,ziti
1069,piece bacon
1070,portabello mushroom
1071,portabello
1072,english muffin
1073,slice canadian
1074,canadian bacon
1075,blender hollandaise
1076,hollandaise sauce
1077,muffin
1078,canadian
1079,hollandaise
1080,to milk
1081,milk cream
1082,or water
1083,hardboiled egg
1084,slice bread
1085,cheese grated
1086,fresh kale
1087,kale
1088,chorizo casing
1089,casing removed
1090,chorizo
1091,casing
1092,diced ham
1093,flour tortilla
1094,baby bella
1095,bella mushroom
1096,milk heavy
1097,other dairy
1098,dairy option
1099,baby
1100,bella
1101,dairy
1102,option
1103,egg yolk
1104,hot water
1105,yolk
1106,loaf sourdough
1107,sugar for
1108,ounce frozen
1109,½ boiling
1110,package strawberry
1111,strawberry jello
1112,package frozen
1113,frozen strawberry
1114,jello
1115,fresh strawberry
1116,or white
1117,lemonlime soda
1118,lemonlime
1119,½ shortening
1120,½ sugar
1121,red food
1122,food coloring
1123,¼ flour
1124,scant kosher
1125,food
1126,chocolate candy
1127,candy melt
1128,melt melting
1129,melting wafer
1130,peppermint extract
1131,crushed peppermint
1132,peppermint candy
1133,melt
1134,wafer
1135,peppermint
1136,cracker crust
1137,chocolate or
1138,chocolate bar
1139,bar broken
1140,bar
1141,package chocolate
1142,condensed milk
1143,roasted nut
1144,crushed pineapple
1145,banana ripe
1146,vanilla yogurt
1147,whipped cream
1148,homemade pumpkin
1149,apple peeled
1150,coarse sugar
1151,salt flake
1152,½ butter
1153,or piece
1154,apple combination
1155,combination of
1156,of tart
1157,tart and
1158,sweet apple
1159,apple such
1160,as granny
1161,combination
1162,tart
1163,fuji
1164,milk whole
1165,plantbased milk
1166,milk substitute
1167,substitute at
1168,at room
1169,oil canola
1170,substitute
1171,crumb about
1172,about graham
1173,butterscotch chip
1174,package mini
1175,crispy rice
1176,rice cereal
1177,cereal
1178,½ brown
1179,pineapple slice
1180,slice in
1181,in juice
1182,the juice
1183,juice for
1184,the cake
1185,maraschino cherry
1186,pineapple juice
1187,slice leftover
1188,leftover from
1189,cake
1190,maraschino
1191,leftover
1192,apple sweet
1193,apple and
1194,and granny
1195,apple juice
1196,or apple
1197,½ chocolate
1198,vanilla ice
1199,ice cream
1200,honey to
1201,cheese at
1202,milk buttermilk
1203,oat milk
1204,butter see
1205,the recipe
1206,recipe post
1207,vanilla buttercream
1208,post
1209,buttering pie
1210,pie plate
1211,plate or
1212,plate
1213,peach fresh
1214,lime optional
1215,about teaspoon
1216,lime slice
1217,teaspoon
1218,½ whipping
1219,fresh raspberry
1220,fresh blackberry
1221,pineapple cored
1222,inch chunks
1223,or pineapple
1224,pineapple chunks
1225,red grape
1226,green grape
1227,mandarin orange
1228,orange peeled
1229,raspberry
1230,blackberry
1231,kiwi
1232,mandarin
1233,chocolate syrup
1234,recipe vanilla
1235,vanilla pudding
1236,vanilla cake
1237,recipe whipped
1238,temperature and
1239,into piece
1240,assorted fruit
1241,fruit strawberry
1242,box duncan
1243,duncan hine
1244,hine white
1245,white cake
1246,cake mix
1247,tablespoon allpurpose
1248,strawberry flavored
1249,flavored gelatin
1250,cup water
1251,cup oil
1252,oil coconut
1253,halved strawberry
1254,strawberry in
1255,strawberry buttercream
1256,box
1257,duncan
1258,hine
1259,tablespoon
1260,gelatin
1261,cup
1262,xlsized chocolate
1263,miniature marshmallow
1264,flake coconut
1265,chocolate sandwich
1266,sandwich cookie
1267,cream whipped
1268,miniature peanut
1269,chocolate sauce
1270,oil vegetable
1271,grated carrot
1272,bag miniature
1273,bag
1274,semisweet or
1275,optional topping
1276,topping confectioner
1277,crush peppermint
1278,toasted coconut
1279,crush
1280,¼ chocolate
1281,½ coconut
1282,chocolate cake
1283,cake recipe
1284,chocolate ganache
1285,ganache recipe
1286,ganache
1287,semisweet chocolate
1288,cream for
1289,crushed pretzel
1290,½ peanut
1291,cooking oat
1292,almond extract
1293,sugar sprinkles
1294,½ light
1295,hershey kiss
1296,hershey
1297,kiss
1298,sugar packed
1299,butter softened
1300,vanilla wafer
1301,sugar confectioner
1302,marshmallow fluff
1303,fluff
1304,⅓ buttermilk
1305,½ roasted
1306,½ allpurpose
1307,roasted peanut
1308,shortbread pie
1309,oreo cookie
1310,brownies recipe
1311,marshmallow creme
1312,peppermint bark
1313,creme
1314,bark
1315,bittersweet chocolate
1316,milk storebought
1317,corn starch
1318,starch
1319,ounce sweetened
1320,recipe slice
1321,bake shortbread
1322,shortbread cookie
1323,cookie recipe
1324,chocolate sugar
1325,sugar cookie
1326,regular marshmallow
1327,bag marshmallow
1328,chocolate wafer
1329,wafer cookie
1330,¼ butter
1331,to confectioner
1332,pasteurized egg
1333,s
1334,¾ confectioner
1335,apple large
1336,fashioned oat
1337,pinch kosher
1338,gala
1339,frozen cherry
1340,honey agave
1341,ripe pineapple
1342,natural food
1343,buttercream recipe
1344,pineapple diced
1345,grapefruit
1346,milk dairy
1347,sugar granulated
1348,or cane
1349,cane
1350,chip morsel
1351,morsel
1352,powder regular
1353,½ nutella
1354,nutella
1355,pie recipe
1356,tart apple
1357,turbinado sugar
1358,turbinado
1359,malted milk
1360,milk powder
1361,vegetable or
1362,½ espresso
1363,best chocolate
1364,dark cocoa
1365,grated apple
1366,apple about
1367,unsweetened chocolate
1368,½ sea
1369,chocolate kiss
1370,kiss candy
1371,brown butter
1372,dried cherry
1373,chocolate chunks
1374,candycoated chocolate
1375,chocolate piece
1376,green food
1377,butter chocolate
1378,chip cookie
1379,of espresso
1380,cream recipe
1381,shredded coconut
1382,marshmallow cream
1383,rolling cookie
1384,recipe chocolate
1385,ganache filling
1386,flaked coconut
1387,chip melted
1388,package unflavored
1389,unflavored gelatin
1390,almond slice
1391,coconut cream
1392,coconut extract
1393,quickcook oat
1394,nut almond
1395,or pistachio
1396,quickcook
1397,cream cone
1398,homemade magic
1399,magic shell
1400,shell recipe
1401,recipe using
1402,using white
1403,cone
1404,magic
1405,lemon sugar
1406,sugar recipe
1407,glazed donut
1408,donut or
1409,or loaf
1410,donut
1411,sugar sift
1412,other decoration
1413,decoration
1414,clear vanilla
1415,½ confectioner
1416,oatmeal raisin
1417,raisin cookie
1418,½ marshmallow
1419,cream preferred
1420,meringue recipe
1421,meringue
1422,red velvet
1423,velvet cake
1424,cake cupcake
1425,velvet
1426,cupcake
1427,cookie icing
1428,icing recipe
1429,½ peppermint
1430,peppermint chocolate
1431,to butter
1432,butter the
1433,chilled caramel
1434,yellow cake
1435,ounce vanilla
1436,vanilla cookandserve
1437,dark rum
1438,rum
1439,cake ever
1440,ever recipe
1441,maple flavoring
1442,butter unsalted
1443,roll pillsbury
1444,pillsbury sugar
1445,sugar eyeball
1446,pillsbury
1447,eyeball
1448,fresh mint
1449,mint leaves
1450,mint
1451,recipe fudge
1452,southern praline
1453,praline
1454,grilled pineapple
1455,organic honey
1456,½ quickcooking
1457,butter chip
1458,¼ brown
1459,instant espresso
1460,chocolate espresso
1461,espresso bit
1462,chocolate at
1463,least cacao
1464,cacao
1465,strawberry muffin
1466,muffin mix
1467,piece milk
1468,butter salted
1469,chip your
1470,your preference
1471,preference for
1472,for milk
1473,chow mein
1474,mein noodle
1475,egg shaped
1476,shaped chocolate
1477,preference
1478,chow
1479,mein
1480,lemon curd
1481,curd
1482,zest and
1483,and juice
1484,juice lemon
1485,streusel topping
1486,streusel
1487,white corn
1488,hot cocoa
1489,cocoa mix
1490,mix recipe
1491,candy cane
1492,chewy chocolate
1493,assorted candy
1494,candy chocolate
1495,chewy
1496,¼ half
1497,inch pie
1498,toasted nut
1499,nut your
1500,preference of
1501,of almond
1502,chewy ginger
1503,ginger molasses
1504,molasses cookie
1505,crushed ice
1506,preferred milk
1507,equal size
1508,size baking
1509,baking apple
1510,apple braeburn
1511,jon gold
1512,size
1513,jon
1514,cocacola
1515,softened butter
1516,blue gel
1517,gel paste
1518,paste food
1519,food color
1520,violet gel
1521,gel
1522,violet
1523,chocolate ice
1524,almond flour
1525,angel food
1526,food cake
1527,cool whip
1528,angel
1529,whip
1530,nectarine
1531,shelled pistachio
1532,juice cocktail
1533,coconut m
1534,ounce cherry
1535,cherry pie
1536,pie filling
1537,ounce crushed
1538,ounce cool
1539,mint chocolate
1540,chip ice
1541,nonpareil
1542,dried date
1543,rice krispies
1544,krispies cereal
1545,decorator frosting
1546,decorator
1547,southern caramel
1548,caramel icing
1549,frozen blackberry
1550,phyllo shell
1551,crisco
1552,recipe honey
1553,honey cinnamon
1554,cinnamon cookie
1555,packed lightbrown
1556,lightbrown sugar
1557,dried strawberry
1558,macadamia nut
1559,lightbrown
1560,macadamia
1561,salted peanut
1562,syrup recipe
1563,double crust
1564,crust pie
1565,pie dough
1566,traditional decoration
1567,decoration is
1568,is coconut
1569,bag unsweetened
1570,head iceberg
1571,iceberg lettuce
1572,anchovy paste
1573,organic chicken
1574,pasta egg
1575,egg noodle
1576,parsley fresh
1577,fettuccine
1578,onion thinly
1579,onion such
1580,as vidalia
1581,slice french
1582,vidalia
1583,pinto bean
1584,or red
1585,red kidney
1586,kidney bean
1587,pinto
1588,kidney
1589,homemade enchilada
1590,bag frozen
1591,frozen kernel
1592,bean optional
1593,white bean
1594,on preference
1595,or glutenfree
1596,dairyfree milk
1597,flour regular
1598,wholewheat
1599,breast boneless
1600,soup storebought
1601,storebought soup
1602,biscuit uncooked
1603,uncooked biscuit
1604,hamburger bun
1605,hamburger
1606,pork chop
1607,chop
1608,cooked chicken
1609,chicken sliced
1610,head romaine
1611,caesar salad
1612,tortilla flour
1613,or spinach
1614,homemade crouton
1615,caesar
1616,wheat
1617,crouton
1618,thigh boneless
1619,new potato
1620,coconut amino
1621,pearl onion
1622,amino
1623,pearl
1624,spring salad
1625,salad green
1626,mozzarella ball
1627,ball course
1628,buttermilk ranch
1629,dressing recipe
1630,spring
1631,green
1632,course
1633,cuisine
1634,nutrition
1635,splash balsamic
1636,slice sourdough
1637,slice mozzarella
1638,slice tomato
1639,ear corn
1640,crushed tortilla
1641,ear
1642,rotisserie chicken
1643,bacon cooked
1644,boiled egg
1645,slice ham
1646,ham or
1647,turkey stacked
1648,or grape
1649,balsamic vinaigrette
1650,sirloin steak
1651,vinaigrette
1652,steak
1653,farfalle pasta
1654,english cucumber
1655,red wine
1656,farfalle
1657,pasta farfalle
1658,balsamic dressing
1659,ground chuck
1660,slice cheese
1661,slice butter
1662,slice red
1663,slice dill
1664,cheese tortellini
1665,homemade italian
1666,tortellini
1667,cooked elbow
1668,elbow macaroni
1669,macaroni noodle
1670,celery seed
1671,macaroni
1672,pear half
1673,frozen pea
1674,pea and
1675,and carrot
1676,jasmine rice
1677,sesame oil
1678,jasmine
1679,flaky white
1680,white fish
1681,flaky
1682,fish
1683,strawberry cleaned
1684,dough premade
1685,premade
1686,citru vinaigrette
1687,citru
1688,green spring
1689,spring mix
1690,green torn
1691,bitesized piece
1692,mild chili
1693,chili bean
1694,corn drained
1695,gorgonzola crumble
1696,strip bacon
1697,vegetable broth
1698,basil or
1699,½ fresh
1700,½ uncooked
1701,uncooked ditalini
1702,ditalini pasta
1703,ounce great
1704,northern bean
1705,freshly parsley
1706,pomegranate juice
1707,pomegranate seed
1708,mixed vegetable
1709,vegetable mixed
1710,frozen lima
1711,lima bean
1712,bean lima
1713,frozen corn
1714,corn kernel
1715,kernel niblet
1716,niblet corn
1717,carrot carrot
1718,and okra
1719,lima
1720,okra
1721,or carrot
1722,bean or
1723,or canellini
1724,canellini or
1725,bay leaves
1726,fresh parmesan
1727,canellini
1728,honey optional
1729,nonrefrigerated sweetener
1730,sweetener
1731,red potato
1732,white balsamic
1733,cane sugar
1734,sugar or
1735,steamed shrimp
1736,¼ olive
1737,¼ lime
1738,or ½
1739,½ garlic
1740,frozen broccoli
1741,broccoli floret
1742,floret or
1743,or head
1744,into floret
1745,floret
1746,garnish basil
1747,collard green
1748,green mustard
1749,or turnip
1750,turnip green
1751,collard
1752,turnip
1753,potato scrubbed
1754,½ celery
1755,curry powder
1756,tuna
1757,peach firm
1758,into wedge
1759,ball burrata
1760,burrata cheese
1761,firm
1762,wedge
1763,burrata
1764,fresh rosemary
1765,rosemary leaves
1766,gorgonzola cheese
1767,rosemary ranch
1768,rosemary
1769,½ sour
1770,honey mustard
1771,mustard dressing
1772,onion diced
1773,slice thicksliced
1774,thicksliced bread
1775,granulated garlic
1776,lowsugar dried
1777,lowsugar
1778,chicken cutlet
1779,bowtie pasta
1780,bowtie
1781,head cabbage
1782,spring lettuce
1783,recipe peanut
1784,peanut sauce
1785,cabbage
1786,kale green
1787,green trimmed
1788,okra pod
1789,of choice
1790,pod
1791,¾ olive
1792,¼ red
1793,seasoning recipe
1794,slice wheat
1795,wheat bread
1796,thickcut applewood
1797,smoked bacon
1798,ounce spinach
1799,sprig chives
1800,caesar dressing
1801,bacon vinaigrette
1802,vinaigrette recipe
1803,cornbread recipe
1804,bonein chicken
1805,bonein
1806,roasted sunflower
1807,sunflower seed
1808,raspberry vinaigrette
1809,sunflower
1810,kalamata olive
1811,½ dried
1812,kalamata
1813,green mix
1814,beet green
1815,asparagus spear
1816,spear
1817,champagne vinegar
1818,champagne
1819,shredded carrot
1820,recipe baked
1821,baked salmon
1822,vinaigrette dressing
1823,tangerine
1824,red apple
1825,apple honey
1826,honey crisp
1827,red delicious
1828,walnut half
1829,ounce bowtie
1830,½ olive
1831,½ apple
1832,recommended iceberg
1833,canadian or
1834,wine vinaigrette
1835,cooked turkey
1836,¼ honey
1837,sundried tomato
1838,tomato vinaigrette
1839,oil from
1840,pepperoncini pepper
1841,pepperoncini
1842,blackened shrimp
1843,hardcooked egg
1844,bag broccoli
1845,broccoli slaw
1846,light mayonnaise
1847,slaw
1848,beef browned
1849,lettuce green
1850,coke
1851,pulled pork
1852,deviled egg
1853,twirl pasta
1854,twirl
1855,basil chopped
1856,piece chicken
1857,pepper red
1858,green pepper
1859,bonein prime
1860,prime rib
1861,beef brisket
1862,dripping or
1863,or beef
1864,beef broth
1865,beef roast
1866,to tortilla
1867,portion turkey
1868,turkey or
1869,turkey from
1870,the deli
1871,portion
1872,turkey breast
1873,venison roast
1874,roast leg
1875,or neck
1876,neck roast
1877,bonein or
1878,or boneless
1879,wine a
1880,rich red
1881,wine such
1882,as burgandy
1883,burgandy or
1884,or merlot
1885,merlot work
1886,work well
1887,shoulder
1888,neck
1889,burgandy
1890,merlot
1891,work
1892,spaghetti noodle
1893,breast skinless
1894,grilled boneless
1895,pork butt
1896,butt
1897,a mixture
1898,hoagie roll
1899,mixture
1900,hoagie
1901,rice shortgrain
1902,or jasmine
1903,longgrain
1904,basmati
1905,tortilla spinach
1906,spinach or
1907,or flour
1908,bibb lettuce
1909,or collard
1910,slice or
1911,flank steak
1912,corn on
1913,the cob
1914,cob or
1915,brown rice
1916,flank
1917,cob
1918,tortilla or
1919,or corn
1920,corn tortilla
1921,grilled shrimp
1922,lime wedge
1923,teriyaki sauce
1924,teriyaki
1925,tuna drained
1926,in post
1927,post above
1928,bread toasted
1929,slice lettuce
1930,slice tomatoes
1931,chipotle chili
1932,chili in
1933,½ italian
1934,½ red
1935,kale spinach
1936,green or
1937,chicken or
1938,salmon filet
1939,filet
1940,inch cube
1941,about carrot
1942,cube
1943,linguine
1944,ribeye steak
1945,ribeye
1946,or hanger
1947,hanger steak
1948,hanger
1949,sea scallops
1950,filet about
1951,spiralsliced ham
1952,butt boston
1953,boston butt
1954,pork shoulder
1955,shoulder blade
1956,or picnic
1957,picnic shoulder
1958,barbeque sauce
1959,picnic
1960,barbeque
1961,smoked sausage
1962,¼ chili
1963,long grain
1964,grain rice
1965,onion chopped
1966,parsley chopped
1967,dried pinto
1968,ham bone
1969,bone
1970,yellow pepper
1971,pasta spaghetti
1972,fettuccine recommended
1973,cornstarch or
1974,arrowroot powder
1975,ginger or
1976,raw cashew
1977,uncooked white
1978,penne pasta
1979,seed for
1980,broccoli recipe
1981,ground pork
1982,skinless and
1983,chicken tender
1984,tender
1985,air fryer
1986,fryer baked
1987,air
1988,fryer
1989,fingerling potato
1990,cooked pinto
1991,½ white
1992,rice cooked
1993,or brown
1994,boneless salmon
1995,slice lemon
1996,thigh bonein
1997,skin on
1998,skin
1999,bean pinto
2000,topping diced
2001,dried tortellini
2002,tortellini refrigerated
2003,refrigerated tortellini
2004,garlic minced
2005,onion finely
2006,skirt steak
2007,andouille sausage
2008,sausage or
2009,halved lengthwise
2010,lengthwise and
2011,inch thick
2012,thick piece
2013,shrimp medium
2014,medium size
2015,or leg
2016,¼ soy
2017,½ honey
2018,quarter
2019,½ tomato
2020,½ chicken
2021,instant pot
2022,pot sweet
2023,topping fresh
2024,jalapeño slice
2025,pot
2026,fresh zucchini
2027,parsley as
2028,recipe black
2029,salmon fillet
2030,fillet
2031,pound flank
2032,pound
2033,ounce boneless
2034,navel orange
2035,navel
2036,chili sauce
2037,red chili
2038,pork loin
2039,apple cored
2040,slice granny
2041,or gala
2042,pork sirloin
2043,breast roasted
2044,or french
2045,french style
2046,style sandwich
2047,homemade pizza
2048,cooked quinoa
2049,quinoa
2050,mahi mahi
2051,fresh pineapple
2052,mahi
2053,ounce sour
2054,pickled jalapenos
2055,grilled steak
2056,rosemary for
2057,to boneless
2058,chop bonein
2059,½ chili
2060,slice monterey
2061,into medallion
2062,ounce white
2063,medallion
2064,parsley for
2065,grain dijon
2066,slice white
2067,white sandwich
2068,grated gruyère
2069,gruyère cheese
2070,gruyère
2071,bacon cut
2072,half to
2073,short piece
2074,smallsized spaghetti
2075,venison tenderloin
2076,mushroom cream
2077,cream sauce
2078,turkey chicken
2079,lean ground
2080,spicy brown
2081,sugar dry
2082,dry marsala
2083,marsala wine
2084,marsala
2085,breast leg
2086,or thigh
2087,spicy mustard
2088,mustard bbq
2089,fennel seed
2090,fennel
2091,recipe marinated
2092,marinated flank
2093,catfish or
2094,or catfish
2095,catfish filet
2096,filet or
2097,catfish
2098,pork sparerib
2099,recipe bbq
2100,sparerib
2101,slice sharp
2102,slice mild
2103,breast or
2104,naan bread
2105,root beer
2106,beer
2107,pepper cream
2108,favorite style
2109,sprig rosemary
2110,pound full
2111,jellied cranberry
2112,cranberry sauce
2113,one orange
2114,orange slice
2115,cornish hen
2116,cornish
2117,hen
2118,with pepper
2119,cooked pasta
2120,slice pork
2121,chop with
2122,with bonein
2123,cream style
2124,style white
2125,garlic clove
2126,fettucine
2127,recipe herbed
2128,herbed buttermilk
2129,biscuit breading
2130,herbed
2131,ounce cheddar
2132,recipe peach
2133,garlic cloves
2134,boneless pork
2135,½ balsamic
2136,poultry season
2137,season or
2138,poultry
2139,season
2140,loaf french
2141,smoked ham
2142,smoked cheese
2143,lobster tail
2144,lobster
2145,tail
2146,slice texas
2147,texas toast
2148,toast or
2149,soft white
2150,white bread
2151,texas
2152,toast
2153,bag dried
2154,dried lima
2155,½ paprika
2156,thin ham
2157,sub sandwich
2158,sandwich roll
2159,roast chicken
2160,parsley to
2161,tilapia filet
2162,tilapia
2163,portobellos
2164,sauce homemade
2165,sriracha chili
2166,bags crab
2167,crab boil
2168,cob per
2169,per person
2170,shrimp raw
2171,crawfish per
2172,person
2173,crawfish
2174,sheet prepared
2175,prepared puff
2176,slice gruyere
2177,stalk asparagus
2178,water packed
2179,packed tuna
2180,cooked linguine
2181,and walnut
2182,walnut pesto
2183,filet tilapia
2184,lamb chop
2185,fresh bread
2186,sirloin cutlet
2187,or gruyere
2188,cuban bread
2189,cheese slice
2190,thickcut pork
2191,cajun spice
2192,cajun
2193,shaved ham
2194,dripping from
2195,dr pepper
2196,dr
2197,chop bone
2198,bone in
2199,baked bean
2200,ground mustard
2201,salmon steak
2202,bun or
2203,or roll
2204,roasted chicken
2205,pickle onion
2206,grapeseed oil
2207,snow pea
2208,grapeseed
2209,snow
2210,cube steak
2211,mexican blend
2212,mexican
2213,fresh broccoli
2214,salted sunflower
2215,fresh herb
2216,herb
2217,uncooked brown
2218,brussels sprout
2219,brussels
2220,sprout
2221,potato yukon
2222,gold or
2223,full recipe
2224,pepper variety
2225,variety of
2226,of color
2227,variety
2228,piece fresh
2229,potato cut
2230,grit recipe
2231,navy bean
2232,½ sweet
2233,¼ ketchup
2234,navy
2235,fresh carrot
2236,elbow pasta
2237,giblet and
2238,and neck
2239,neck from
2240,from turkey
2241,giblet
2242,potato peeled
2243,turkey stock
2244,turkey broth
2245,chicken broth
2246,broth or
2247,pan dripping
2248,cooking turkey
2249,fresh turnip
2250,ham hock
2251,hock
2252,topping chives
2253,chives parsley
2254,bean can
2255,about half
2256,milk greek
2257,broccolini
2258,grain white
2259,to olive
2260,½ new
2261,head red
2262,red cabbage
2263,green cabbage
2264,minced ginger
2265,low sodium
2266,sodium soy
2267,sodium
2268,make piece
2269,thickcut bacon
2270,bacon recommended
2271,potato or
2272,boursin
2273,head cauliflower
2274,size squash
2275,zucchini squash
2276,¾ half
2277,about bulbs
2278,bulbs of
2279,bulbs
2280,herb thyme
2281,or parsley
2282,canola or
2283,pinch brown
2284,head of
2285,of cabbage
2286,butterbean
2287,diced potato
2288,water to
2289,beef bouillon
2290,bouillon
2291,reserved meat
2292,meat dripping
